window,day,S0,sigma,exact,MC,Fourier,QAE,QSVT,qae_queries,qae_err
0,29,4.047173500061035,0.21643988110327328,0.12441277822525719,0.12535188377443782,0.12441277609805493,0.12439519253517624,0.12867641254520554,45056,-1.7585690080951233e-05
1,30,4.02477502822876,0.21310682665495578,0.12198605357018627,0.12290376762578842,0.12198605468665004,0.12197351539064433,0.12611277929691933,53248,-1.253817954194325e-05
2,31,3.996534824371338,0.21316340852872742,0.1211594347397964,0.12207098215335319,0.12115942682483379,0.12114604247402526,0.12525910917762906,53248,-1.3392265771142164e-05
3,32,3.9994561672210693,0.21259569009841225,0.12095371302382099,0.12186319039594862,0.12095371876614058,0.1209432534466082,0.1250372728215179,53248,-1.0459577212795779e-05
4,33,3.6965997219085693,0.3043531817079104,0.15740246049246887,0.15866448859705826,0.15740246181210518,0.15738607093191048,0.16231600095950152,73728,-1.6389560558383032e-05
5,34,3.6518044471740723,0.304668797750654,0.15565367707701308,0.15690186079558383,0.1556536676415274,0.15563638835005578,0.16050763349110542,36864,-1.72887269573041e-05
6,35,3.6040873527526855,0.30322045108444984,0.152901464560435,0.15412677953685877,0.15290146289811954,0.15288324805182724,0.15769213563196302,73728,-1.821650860775459e-05
7,36,3.600149631500244,0.2880008629752678,0.14519942407973302,0.14635496155826155,0.14519943609648328,0.14517441636341402,0.14997860792210627,36864,-2.5007716318997675e-05
8,37,3.365849494934082,0.3354076011908499,0.15772118570750193,0.15900312365226843,0.1577211838302549,0.15774245777739138,0.1621641776531364,65536,2.127206988944419e-05
9,38,3.5381290912628174,0.3775336433127409,0.18638871703895754,0.1879305141650812,0.18638871248014413,0.18637019159532972,0.19092350413798098,65536,-1.852544362782038e-05
10,39,3.5322225093841553,0.3766417187830664,0.185641580429027,0.18717664082431426,0.18564157161167277,0.18561985918561885,0.1901727460437724,65536,-2.1721243408157065e-05
11,40,3.4160563945770264,0.38331648988919914,0.18269230168509643,0.1842070635182418,0.18269231593362678,0.1827174173505713,0.18704477643702574,57344,2.511566547486188e-05
12,41,3.4780771732330322,0.38404184369184174,0.1863584881413453,0.1879040994878884,0.18635847976267544,0.18638194996354757,0.19078654750486304,57344,2.3461822202253124e-05
13,42,3.464294910430908,0.3838609792369778,0.1855332723404444,0.18707192737888304,0.18553327246153636,0.1855593321640701,0.1899446415753167,57344,2.6059823625718126e-05
14,43,3.4593725204467773,0.38189386136830694,0.18432755350202792,0.1858549962586288,0.18432756112086898,0.18430885408828615,0.18874183653580698,65536,-1.8699413741773974e-05
15,44,3.4652793407440186,0.38002843172653333,0.18374749076737543,0.185268978345888,0.18374749283946382,0.1837242199023982,0.18817782831936167,65536,-2.327086497722064e-05
16,45,3.475123643875122,0.3797699307040882,0.18414514875275356,0.18566976944362712,0.18414514417207983,0.18412389340987337,0.18858924001469443,65536,-2.125534288019426e-05
17,46,3.477092742919922,0.38014276042430034,0.18442892408907124,0.18595612484734603,0.18442892112685622,0.1844070934553892,0.18887384697762438,65536,-2.1830633682051737e-05
18,47,3.50761079788208,0.3821603459294452,0.18702725599260586,0.1885772368679051,0.1870272448204914,0.18700674993357833,0.1915018447256394,65536,-2.0506059027536327e-05
19,48,3.524346351623535,0.3833899358395985,0.188519536234325,0.19008265988708836,0.18851953945776373,0.18854271386881757,0.19300963437323967,57344,2.31776344925827e-05
20,49,3.5007197856903076,0.38297741329976903,0.1870558043127097,0.18860653322681883,0.18705581161125626,0.1870801959426247,0.19151775751556027,57344,2.4391629914993773e-05
21,50,3.5578181743621826,0.38784857137665313,0.19250649665645284,0.1941055440043685,0.1925065106546179,0.19253431613079727,0.19701711634750302,57344,2.78194743444371e-05
22,51,3.5361599922180176,0.3868808996232788,0.19086073890554478,0.19244550005680403,0.19086073524429206,0.19088832876862794,0.19534877090259314,57344,2.758986308315503e-05
23,52,3.589320421218872,0.39018068657597194,0.19537037907294616,0.19699473235921608,0.19537038689656544,0.19539578070713823,0.1999087948145845,57344,2.54016341920682e-05
24,53,3.5686469078063965,0.3886939905738954,0.19351025648846096,0.19511818660305583,0.19351027466864548,0.19353699175644035,0.19803026537603582,57344,2.6735267979388633e-05
25,54,3.5637245178222656,0.38589477910431297,0.19186186516838905,0.19345430762812327,0.19186187976822455,0.19188809133567014,0.19638982712711228,57344,2.6226167281095947e-05
26,55,3.6277143955230713,0.3914833529427648,0.1981148037712035,0.19976283303927272,0.19811477808269776,0.19814154703983777,0.202694768997977,57344,2.674326863427723e-05
27,56,3.654294490814209,0.380502637760923,0.19400993636116387,0.19561670866464936,0.19400992030671216,0.19398530985050924,0.19867966529160594,65536,-2.4626510654629508e-05
28,57,3.6149163246154785,0.3811205246299738,0.19222849209907608,0.19382090865124657,0.1922284944089257,0.1922079962158385,0.1968449632312098,65536,-2.0495883237575674e-05
29,58,3.6523256301879883,0.3798292220185727,0.1935649709011784,0.19516762103334812,0.1935649864390234,0.19353968339498787,0.1982353921606327,65536,-2.528750619054665e-05
30,59,3.612947463989258,0.3804009153199487,0.1917639126782172,0.19335201823851486,0.19176390352075323,0.19173902104654883,0.1963812864463009,65536,-2.4891631668383374e-05
31,60,3.62180757522583,0.3806843184005145,0.1923762570860108,0.19396961654658604,0.1923762559899435,0.1923511505404082,0.19700360883601006,65536,-2.5106545602615604e-05
32,61,3.6444499492645264,0.3815653448231148,0.19402339314033976,0.1956309676947962,0.19402339401557644,0.19400015235736254,0.19867543431405682,65536,-2.3240782977218544e-05
33,62,3.589320421218872,0.3070642541839015,0.15417375308334108,0.15541139841334997,0.1541737507571086,0.15415834113818191,0.15894414634799456,36864,-1.5411945159166107e-05
34,63,3.6936726570129395,0.3171296558495514,0.16377559380828544,0.16509620867335464,0.16377559386976678,0.16375310456131822,0.16867855993975853,36864,-2.2489246967211107e-05
35,64,3.8462629318237305,0.33539564314147696,0.18022665433206764,0.18169150638043974,0.1802266611795982,0.1802500215339357,0.18530382772094273,65536,2.3367201868074172e-05
36,65,3.8216516971588135,0.336238810233212,0.17951797893707086,0.1809775984073813,0.17951797181586318,0.17953613466676233,0.1845608468207722,65536,1.815572969146584e-05
37,66,3.8246052265167236,0.261426606447515,0.14029981481649267,0.14139666315049626,0.14029981360328891,0.14028486691264994,0.14532943265702183,45056,-1.494790384273803e-05
38,67,3.8374030590057373,0.22144752672275206,0.1204526281520911,0.12136634278512483,0.12045261927312835,0.12043613067473931,0.12465884648742186,45056,-1.6497477351787304e-05
39,68,3.8413407802581787,0.22109997199654613,0.12040341129611666,0.12131644248160889,0.12040340505422126,0.12038325676920567,0.12460253266529264,45056,-2.0154526910995396e-05
40,69,3.8492164611816406,0.1913627880925075,0.10579984563726354,0.10657762404481509,0.10579984813377895,0.10578400166174741,0.10905623276975683,53248,-1.5843975516127706e-05
41,70,3.7694756984710693,0.20016044168849187,0.10791725380415615,0.1087182722720516,0.10791725421906707,0.10790473190471923,0.11137627726933268,53248,-1.2521899436915285e-05
42,71,3.7862114906311035,0.19914200140857527,0.10789562034421109,0.10869560319892513,0.10789561799244335,0.10787905673005448,0.11133835445757455,53248,-1.6563614156611672e-05
43,72,3.7753825187683105,0.19947950898923644,0.10775251333008595,0.10855172509665173,0.1077525126728508,0.10773895969049493,0.11119585155349432,53248,-1.3553639591018518e-05
44,73,3.890563488006592,0.21472491112094955,0.11873405901353158,0.11962876438528722,0.11873406205953961,0.11871705488663852,0.12277626349327668,45056,-1.7004126893066518e-05
45,74,3.9683353900909424,0.21966472120486288,0.12364658578917477,0.12458289169282316,0.12364659511298247,0.12362735543646268,0.12793591983813732,45056,-1.9230352712090726e-05
46,75,3.945693016052246,0.22147265513129602,0.12386458637381076,0.12480420606955919,0.12386458887715174,0.12384283002052526,0.12819035036564996,45056,-2.1756353285495855e-05
47,76,3.947662115097046,0.22133826648421887,0.12385772932889798,0.1247971737084508,0.12385774012325643,0.12383775349332028,0.12818111574623733,45056,-1.9975835577695777e-05
48,77,4.004760265350342,0.22340498887187205,0.12672038040221775,0.12768347210512404,0.12672037858358595,0.1266983108616867,0.13117719639887043,45056,-2.2069540531050036e-05
49,78,3.9545533657073975,0.2266968466340211,0.12681583186336684,0.1277827087369966,0.12681584038726657,0.12679406186591083,0.13132882593926107,45056,-2.1769997456011492e-05
50,79,3.937817335128784,0.22497362558480855,0.1254013686234744,0.12635588097798872,0.1254013585516672,0.12538045064729006,0.1298367715136312,45056,-2.0917976184336995e-05
51,80,3.901392698287964,0.2263899151817865,0.12495617868652682,0.12590859717064362,0.12495619189547096,0.12493553727139894,0.12939816994050998,45056,-2.0641415127878315e-05
52,81,3.9141907691955566,0.22363700499142508,0.12397205637275789,0.12491447219638836,0.12397206191090551,0.12395037638521261,0.12833587481709338,45056,-2.1679987545278334e-05
53,82,4.015589237213135,0.23153618303320406,0.13128561603918038,0.13229117561006914,0.13128561239703745,0.13126672605636092,0.13603676346290086,45056,-1.888998281945886e-05
54,83,4.0342936515808105,0.23094046151239878,0.1315865137384026,0.13259381323303257,0.1315865258066903,0.13156479064212948,0.13633887388897337,45056,-2.1723096273129627e-05
55,84,4.065796852111816,0.2275250115441177,0.13081869470452498,0.1318168798749634,0.1308187021319264,0.130799759179792,0.1354877325342025,45056,-1.8935524732976994e-05
56,85,4.082531929016113,0.22729407808912638,0.13123522710890628,0.1322363698959445,0.13123522405539753,0.13121690097829317,0.13591533319181448,45056,-1.832613061311661e-05
57,86,4.152428150177002,0.2259356822530206,0.1327525218339915,0.13376392363795203,0.1327525151784681,0.13273239175979823,0.137464065335143,45056,-2.013007419326973e-05
58,87,4.186883926391602,0.22556837536683866,0.13365513433018647,0.13467305377581165,0.13365513042507957,0.13362963314270765,0.13839251881516582,45056,-2.5501187478821352e-05
59,88,4.317816734313965,0.23300166270525913,0.14198434851206485,0.1430733481246992,0.14198435196097603,0.1419639444777043,0.14714825976036403,45056,-2.0404034360543832e-05
60,89,4.375899314880371,0.2336633022101563,0.1442683873254525,0.14537558905519887,0.14426838982224968,0.14424835009809192,0.14952705633404256,45056,-2.0037227360575338e-05
61,90,4.469422340393066,0.23760004929757664,0.14962432226022176,0.15077682355033215,0.14962431822285238,0.14959887073728204,0.1551497202191029,45056,-2.5451522939728966e-05
62,91,4.415277481079102,0.23518097296872292,0.14643230174965632,0.14755769829437074,0.14643229644453248,0.14640694709808819,0.15179694661436444,45056,-2.5354651568137987e-05
63,92,4.592479228973389,0.24585342673865984,0.15866805786772978,0.15989897006283227,0.1586680475142707,0.15864947097775084,0.1646485690053822,45056,-1.858688997893876e-05
64,93,4.693878650665283,0.22891149409766678,0.15186901929887128,0.15302935421878616,0.1518690227512437,0.1518417876211759,0.15731566605912548,45056,-2.723167769538848e-05
65,94,4.812997341156006,0.23126400192891577,0.15718675316189218,0.15839038993642426,0.15718675593110143,0.15716079983106865,0.16286996916993984,45056,-2.5953330823530463e-05
66,95,4.800199031829834,0.23244262875229485,0.15749994687372879,0.1587073170757538,0.1574999488109186,0.1574693752048032,0.16321734726033693,45056,-3.05716689255886e-05
67,96,4.795277118682861,0.2335561258630749,0.15802839135899768,0.1592410743202937,0.15802838224178797,0.1580035586254386,0.16378654903386322,45056,-2.4832733559077003e-05
68,97,4.765743732452393,0.23635295707530535,0.1587768835667572,0.15999847839184939,0.15877687659684747,0.15875055933331428,0.1646163568211791,45056,-2.6324233442925893e-05
69,98,4.659422397613525,0.2520164594451021,0.16491414848546268,0.1661974732421328,0.16491415145127092,0.16489276430237734,0.1710077692228451,45056,-2.138418308533785e-05
70,99,5.16444730758667,0.36801289786359576,0.2652610195426843,0.2674467272010982,0.26526098116839586,0.2652312290653399,0.2719383536395855,65536,-2.9790477344360244e-05
71,100,5.251079559326172,0.36785317875436657,0.2695947175499907,0.2718159883929912,0.2695947149518375,0.26956756825312334,0.2763849859286178,65536,-2.714929686736811e-05
72,101,5.401562690734863,0.36852292787359964,0.27782095587507355,0.2801106349638427,0.2778209547097261,0.2777837372393925,0.2848018168741951,65536,-3.721863568106887e-05
73,102,6.5282087326049805,0.6382492645519545,0.581299480326524,0.5866242551606158,0.5812994886338094,0.5812069100595939,0.5840758671416333,40960,-9.257026693010317e-05
74,103,6.245062351226807,0.6639719951996959,0.5786451960492525,0.5839879247700361,0.5786452661722019,0.5787268638590872,0.5804535961735153,61440,8.16678098347623e-05
75,104,6.114379405975342,0.6699678466026017,0.5716875924403886,0.5769757100088005,0.5716875664729066,0.5717670864450771,0.5732577855730583,61440,7.949400468854062e-05
76,105,5.805491924285889,0.6974376757856441,0.5652259288200826,0.5704973850988591,0.565225882842457,0.5653068912019402,0.565814447804736,61440,8.096238185761884e-05
77,106,6.09061861038208,0.7048845375315808,0.5993654674669118,0.6049675556850983,0.5993654744749172,0.5994467262037335,0.5997173376662888,61440,8.125873682174323e-05
78,107,5.892614364624023,0.7144567046918713,0.5878156950218866,0.5933560108315163,0.5878157463615318,0.5878938634310129,0.587820607766601,61440,7.81684091263335e-05
79,108,5.872813701629639,0.7142629639957809,0.5856803929468297,0.5912002718553608,0.5856803951151699,0.5857653125011583,0.5856921153606419,61440,8.491955432854414e-05
80,109,5.886673927307129,0.711696468067959,0.5849369375177284,0.5904456890771682,0.5849369702257038,0.585020664624953,0.5850391015651626,61440,8.372710722459598e-05
81,110,5.793612003326416,0.7165828906354483,0.5796730406314647,0.5851399862453772,0.5796730559562455,0.5797523106671657,0.5796038133494101,61440,7.927003570096236e-05
82,111,5.797572135925293,0.7165715580121316,0.5800600219818433,0.5855305992554395,0.580060005523796,0.5801366289687472,0.5799911431296141,61440,7.660698690392653e-05
83,112,5.853013515472412,0.7162249062357451,0.5853215569403334,0.5908412005425495,0.5853215405463194,0.5853958757512164,0.5852642367552487,61440,7.431881088304504e-05
84,113,5.932215213775635,0.7160598256455817,0.5931042027464695,0.5986969694125326,0.593104187563628,0.5931936704124607,0.5930520010162103,61440,8.946766599127187e-05
85,114,5.9183549880981445,0.7170340776475441,0.5925297986596404,0.5981187291301555,0.5925297831758536,0.5926121497981823,0.592442989915978,61440,8.235113854193621e-05
86,115,5.771831035614014,0.725494763654965,0.5847325722465818,0.5902614512860004,0.5847325559618276,0.5846477037547768,0.5843513065435938,61440,-8.486849180500133e-05
87,116,5.72035026550293,0.72792763310137,0.5814759530647542,0.5869778822293563,0.5814759274110519,0.5813853446633851,0.5810127496830297,61440,-9.060840136909665e-05
88,117,5.5876874923706055,0.7320492232655728,0.571232479999557,0.5766438646810068,0.5712324727477686,0.5711654221078802,0.5706379974028223,61440,-6.705789167671394e-05
89,118,5.19761848449707,0.7699720362985556,0.559114144350241,0.5645022388231103,0.5591142063326033,0.5590250285394642,0.5573025857706295,61440,-8.911581077675201e-05
90,119,5.1481170654296875,0.7698340402659776,0.5536891284589215,0.5590247436687209,0.5536891137054204,0.5536221963957092,0.5518994960706272,61440,-6.693206321228828e-05
91,120,5.078815937042236,0.7701166702367159,0.54643790038051,0.5517040419660068,0.5464378443463586,0.5463573722702767,0.5446629157482487,61440,-8.05281102332911e-05
92,121,5.1441569328308105,0.7633509479680122,0.5485649712332834,0.5538247050408274,0.5485649456454489,0.5484902721842175,0.546994979799112,61440,-7.469904906587388e-05
93,122,5.175837993621826,0.7614330638638684,0.5505450763756353,0.5558210164588728,0.5505450355211624,0.5504769542333598,0.5490299608000779,61440,-6.812214227547297e-05
94,123,5.171877861022949,0.7586125531349873,0.5480691054185715,0.5533172410004613,0.5480690445211692,0.5479838440564467,0.5466496475980628,61440,-8.526136212472224e-05
95,124,5.201578617095947,0.758503798262935,0.5511368441207989,0.5564141971200736,0.5511368444064074,0.5510523354781833,0.549712890944699,61440,-8.450864261555502e-05
96,125,5.189698219299316,0.7585696700349905,0.5499261997440121,0.555192056000988,0.5499262676382481,0.5498568531937954,0.5485032894674974,61440,-6.93465502167312e-05
97,126,5.225338935852051,0.7581652292353261,0.5534051971939109,0.5587037757232809,0.553405121768584,0.5533212133756226,0.5519861698275796,61440,-8.398381828833568e-05
98,127,5.258999824523926,0.7541135352029394,0.5539690249998976,0.5592670632778789,0.5539690173152478,0.5538960335955233,0.5526780479033686,61440,-7.299140437433405e-05
99,128,5.223358631134033,0.6915945659193901,0.5042571212958605,0.5089518478576878,0.50425712895969,0.5043207011497165,0.5049630653263547,61440,6.35798538559662e-05
100,129,5.257019519805908,0.6900893077212418,0.5063940323559586,0.5111065483350848,0.5063940729349776,0.5064700923893511,0.5071499449698539,61440,7.60600333925554e-05
101,130,5.17385721206665,0.6861132928427319,0.49549093857467075,0.500096537266483,0.49549098033724853,0.4955524675207052,0.49635233009271074,61440,6.152894603445036e-05
102,131,5.225338935852051,0.3658245102866787,0.2668073160912582,0.26900378654463514,0.2668073153595302,0.2667723897069682,0.27357578123813875,65536,-3.4926384289979406e-05
103,132,5.300580978393555,0.3535630229968207,0.2616665541188989,0.263809765379691,0.26166655096645075,0.26163728367523237,0.2685951403882997,65536,-2.9270443666518098e-05
104,133,5.253059387207031,0.3505733848621879,0.25715130876972603,0.2592548989230533,0.2571513081425902,0.2571169200976233,0.2640309181011902,65536,-3.438867210270313e-05
105,134,5.352061748504639,0.3270409247918182,0.24461808734136925,0.24659914825866902,0.24461808362687432,0.2446486144750818,0.2517047262298293,65536,3.052713371254345e-05
106,135,5.217418670654297,0.2945002036863082,0.21508782511411487,0.2168046781951843,0.21508783890812258,0.21504780762824688,0.222020297655436,36864,-4.0017485867988034e-05
107,136,5.225338935852051,0.2826123388094004,0.2068769861948368,0.20851072909318977,0.20687700075173301,0.20685800698441378,0.21380548050066814,45056,-1.8979210423014647e-05
108,137,5.225338935852051,0.2828698152988936,0.20706180468122312,0.20869720342009218,0.20706179623698012,0.20701274148808824,0.21399074546574542,36864,-4.906319313488505e-05
109,138,5.260980129241943,0.28407222858000464,0.20934318125292725,0.21099752442294387,0.20934317627193166,0.209301319545484,0.2163214043630491,36864,-4.186170744324702e-05
110,139,5.375822067260742,0.2911854423727481,0.21916804767897455,0.22091481213277425,0.2191680362342691,0.2191236743598302,0.2263081257450786,36864,-4.437331914433629e-05
111,140,5.403542995452881,0.29193126629122834,0.22085223225815737,0.22261302315078219,0.22085224827831765,0.22080044048931566,0.22802986495085117,36864,-5.1791768841708e-05
112,141,5.447103977203369,0.2914157647609875,0.22224662231303022,0.22401811055708712,0.22224663399224903,0.22220833571260043,0.2294816104719953,36864,-3.828660042978771e-05
113,142,5.462944507598877,0.2878689891540004,0.22022972256709974,0.22198226513781763,0.22022974380139482,0.22017867363215943,0.22748158319257902,36864,-5.104893494031759e-05
114,143,5.522345542907715,0.2906734892279756,0.2247530572103295,0.22654391212075564,0.22475307199969924,0.22470527103926663,0.23208719883447557,36864,-4.778617106288019e-05
115,144,5.5164055824279785,0.2823084291428791,0.2181703441756355,0.21989302842562494,0.21817034659443119,0.2181499381681182,0.22548421154409937,45056,-2.0406007517292934e-05
116,145,5.4688849449157715,0.28223732649758854,0.21623751838589175,0.21794488429621342,0.2162375250035139,0.21621030954637413,0.22348824890162486,45056,-2.7208839517622874e-05
117,146,5.508485794067383,0.2752001385029785,0.21248006842542114,0.21415222852562582,0.2124800719226018,0.21245879437266096,0.2197677999153009,45056,-2.1274052760172912e-05
118,147,5.710450172424316,0.19388012919402955,0.15882664033386729,0.15999751202126647,0.1588266300476301,0.15880617315114703,0.16377396003309364,53248,-2.046718272025183e-05
119,148,5.518385410308838,0.22034205861014597,0.17242744214218145,0.17373400675351716,0.17242742845597908,0.1723995079638071,0.17842408887117212,45056,-2.7934178374350305e-05
120,149,5.544126033782959,0.21495269081239057,0.16936189080638073,0.17063838733489067,0.1693618946336032,0.16933831806881228,0.17513277636682995,45056,-2.357273756845024e-05
121,150,5.526305675506592,0.21358477820923563,0.1678379406759656,0.16910121257872943,0.16783794386561482,0.16782203537270407,0.17352648329765424,53248,-1.5905303261537496e-05
122,151,5.536206245422363,0.2132970209929531,0.1679321678507026,0.16919578209176106,0.16793218232258506,0.16791362432794338,0.17361747861165858,53248,-1.8543522759234543e-05
123,152,5.581747055053711,0.21376445442021008,0.16965170603460866,0.1709288609262422,0.16965169579504494,0.16963288073019245,0.17540577167685323,53248,-1.882530441621455e-05
124,153,5.767871379852295,0.23146118796089968,0.1885187972781511,0.189962622760857,0.18851880276409635,0.18849250575995938,0.19533943561148673,45056,-2.6291518191723373e-05
125,154,5.65104866027832,0.24157555585433482,0.1920819542669736,0.1935668752741636,0.19208195309141732,0.19205988227150486,0.19926659429628288,45056,-2.2071995468747607e-05
126,155,5.58372688293457,0.24518392342383039,0.19240333101175375,0.1938954493079883,0.19240333074965724,0.1923790060394598,0.19967109352814533,45056,-2.43249722939598e-05
127,156,5.490664958953857,0.25114804315964173,0.1936816413363174,0.1951881767303308,0.19368163964752994,0.19366225064874024,0.20085827270344292,45056,-1.9390687577169885e-05
128,157,5.437203884124756,0.2521861400008044,0.19256910641373312,0.19406776226999634,0.19256909407915276,0.19254743326919022,0.1996806984266509,45056,-2.1673144542905254e-05
129,158,5.502545356750488,0.2537002508319965,0.19602486115643036,0.19755155797265106,0.196024869574352,0.1960067889368699,0.20322887778001747,45056,-1.807221956046101e-05
130,159,5.645108699798584,0.25739508242426146,0.20396213210278086,0.20555354467784542,0.20396213180131775,0.2039350468280898,0.21136930563641101,45056,-2.7085274691057704e-05
131,160,5.724310398101807,0.2586384018050728,0.20779936211283334,0.20942170383286332,0.20779936938895938,0.20777333458420574,0.21531579662822148,45056,-2.602752862759794e-05
132,161,5.823312282562256,0.2598780212538333,0.21238288846491038,0.21404202074685788,0.21238288737533673,0.21235694291581378,0.22003458171032586,45056,-2.594554909660096e-05
133,162,5.605507850646973,0.28516854164646704,0.22389684313962327,0.22566709860221915,0.2238968418481666,0.22384925530148134,0.23133389564176493,36864,-4.758783814193257e-05
134,163,5.104556083679199,0.3970799009298199,0.28272545248526776,0.28508256860276937,0.2827254505718194,0.28276340582336523,0.2891260022845726,57344,3.795333809747392e-05
135,164,5.369882106781006,0.4187808045433974,0.31358182165245013,0.3162185435394035,0.31358183743615115,0.31354519055011454,0.32010987355290915,57344,-3.6631102335593635e-05
136,165,5.559032917022705,0.4303610226243366,0.3335650735521988,0.3363823663835513,0.3335650738357815,0.33352466389167196,0.3401923135306274,57344,-4.0409660526818936e-05
137,166,5.5908894538879395,0.4304355789799893,0.3355344918748936,0.3383684993484687,0.3355344686204876,0.33548885891774716,0.34219882396842166,57344,-4.563295714643534e-05
138,167,5.734245777130127,0.43559626475102076,0.34824871929331147,0.35119591786169674,0.348248714873851,0.3481991071512786,0.3550197951246179,57344,-4.961214203286213e-05
139,168,5.774066925048828,0.4320834226331023,0.3478493614775512,0.3507892365211123,0.34784937128090987,0.34780184730174685,0.3547116878433375,57344,-4.751417580434181e-05
140,169,5.857690811157227,0.4334542792008071,0.35400259973164255,0.35699604668409796,0.3540025890261012,0.35396163854649576,0.360946938950322,57344,-4.096118514679281e-05
141,170,5.939324855804443,0.43442463610839915,0.359736689701789,0.3627797506886806,0.3597367059060989,0.3596917970952979,0.3667652303273102,57344,-4.4892606491098164e-05
142,171,5.947288990020752,0.43445166345143466,0.36024139694134905,0.36328875872627586,0.36024138006907674,0.3602005342232099,0.3672790102006216,57344,-4.086271813913411e-05
143,172,6.044850826263428,0.4356391595534721,0.3671482206444086,0.37025541481595065,0.36714822921415813,0.3671025345163329,0.3742854903632895,57344,-4.5686128075705934e-05
144,173,5.8059234619140625,0.45401834571872557,0.3674705239965518,0.3706145239243783,0.3674705611237112,0.36742199483242477,0.3740742692581392,57344,-4.852916412700914e-05
145,174,5.841762542724609,0.45305817950306454,0.36895869183349655,0.37211429803685975,0.3689586982461931,0.3689008707887381,0.37561719304241203,57344,-5.782104475843264e-05
146,175,5.935342311859131,0.45462912930347554,0.3761660061652395,0.37938513281376784,0.3761659988878668,0.3761237203168545,0.38290786613191896,57344,-4.2285848385004154e-05
147,176,5.989100933074951,0.44359258664658757,0.3703818155118468,0.3735258477660143,0.37038178433484753,0.37033143329223195,0.3773449843967296,57344,-5.0382219614841794e-05
148,177,6.232010364532471,0.44337392510124307,0.38521455482753797,0.38848422647314146,0.3852145844512655,0.3851627936093966,0.39246332167820397,57344,-5.176121814137735e-05
149,178,6.32160758972168,0.44436971590764945,0.3916278138116187,0.3949531712291318,0.3916278258152489,0.39157413858814744,0.3989660587804179,57344,-5.367522347127229e-05
150,179,6.3952765464782715,0.44419058427204583,0.39603240410408214,0.39939493398580955,0.39603241540969175,0.3959853812282923,0.40345885479158894,57344,-4.7022875789837215e-05
151,180,6.387312412261963,0.4444803220619729,0.39579648049177885,0.3991573748728473,0.3957964640068791,0.39574209804747645,0.4032093367670702,57344,-5.438244430239214e-05
152,181,6.295723915100098,0.44798017355829234,0.393184465575003,0.396527586085958,0.39318444328731916,0.3931368030469787,0.40043861750363874,57344,-4.7662528024294826e-05
153,182,6.393285751342773,0.44083864209279083,0.3929304525814666,0.3962624181464409,0.39293043244534354,0.39288109790749526,0.4004042962497985,57344,-4.935467397132465e-05
154,183,6.204134941101074,0.4463978567717153,0.3860995849716948,0.38938051013243896,0.38609962378704477,0.3860499587787187,0.393271705188514,57344,-4.9626192976048866e-05
155,184,6.455008506774902,0.45640051745670984,0.4106916575433371,0.4142085551388345,0.41069167457543204,0.4106393440032961,0.4179949174486775,57344,-5.231354004098243e-05
156,185,6.799461364746094,0.47161721704799997,0.44700731080629097,0.4508566747624625,0.44700730915146086,0.4469526431984542,0.45442514383628907,57344,-5.4667607836789145e-05
157,186,6.685971260070801,0.4743740989994246,0.4421130897340689,0.4459241357769531,0.4421130922121995,0.44205436480218097,0.4493555056210574,57344,-5.872493188791017e-05
158,187,7.000558376312256,0.487899481839051,0.4761069083995463,0.4802311093252008,0.47610688942844254,0.4761896921488232,0.4834130718742922,49152,8.278374927689347e-05
159,188,6.628230571746826,0.5186827664611167,0.4792471442983095,0.48344404526516127,0.4792471594926397,0.4791838440358382,0.4854989365165011,49152,-6.330026247131082e-05
160,189,6.67402458190918,0.5180716833799699,0.4819888551140692,0.4862088658060244,0.48198882595875625,0.48190843618864365,0.48829807049898594,49152,-8.041892542554052e-05
161,190,6.6580963134765625,0.5172488402698178,0.48007371281113126,0.48427574779455795,0.48007370451541576,0.47998719839244763,0.4863869277472017,49152,-8.65144186836253e-05
162,191,6.683980464935303,0.5005639091242818,0.46637860990054053,0.4704368553630382,0.46637857849142944,0.4663136037276877,0.47308972968520424,49152,-6.500617285282173e-05
163,192,6.801452159881592,0.3980782186090367,0.3776522264329289,0.380802006009538,0.3776522427477468,0.37770750341005777,0.3861696901717914,57344,5.527697712887081e-05
164,193,7.10608434677124,0.39222684657519924,0.38880558426550843,0.39204084620455587,0.38880557931521614,0.3888564607724733,0.3977690570351966,57344,5.087650696489199e-05
165,194,7.171789169311523,0.3847560282006777,0.384980056133647,0.38817390455984646,0.38498008078183377,0.38503988085549357,0.39410366712635664,57344,5.982472184656862e-05
166,195,7.454519271850586,0.3945270062678803,0.41024557010987917,0.4136623668065658,0.41024557532980527,0.41030619607381114,0.4196224468063671,57344,6.062596393197062e-05
167,196,7.43062686920166,0.393467670454636,0.4078400961785446,0.4112354251508644,0.4078400851771787,0.4079033440069076,0.4171989835436025,57344,6.324782836297782e-05
168,197,7.2992167472839355,0.4013031315547989,0.40855337902202543,0.411965240315651,0.40855335780495056,0.40861149029661054,0.4176559150480329,57344,5.811127458510423e-05
169,198,7.068253993988037,0.41783470195171324,0.4118325844232962,0.4152941675534763,0.4118326157370388,0.4117713775372143,0.4204382165792873,57344,-6.120688608185487e-05
170,199,6.885076999664307,0.42806927590899063,0.41094189621706356,0.41440966539448154,0.4109418992374301,0.4108943633904755,0.4191832221863394,57344,-4.7532826588037036e-05
171,200,6.8711395263671875,0.42844990869287064,0.4104732216646356,0.41393754200571614,0.4104732055477422,0.41041571810276883,0.4186923964770598,57344,-5.750356186678962e-05
172,201,7.0085225105285645,0.4294111715042858,0.4196159150122692,0.4231587040935559,0.4196159231614228,0.41955248802954753,0.42798526711065016,57344,-6.342698272165936e-05
173,202,7.267360210418701,0.41562105841872704,0.421201184045796,0.42473846936132426,0.4212012010055449,0.42115097540619684,0.43007986270837656,57344,-5.020863959914745e-05
174,203,7.1996636390686035,0.4186590349513586,0.420312818384142,0.42384681049481077,0.420312804887352,0.4202614317431493,0.4290669946937794,57344,-5.138664099268997e-05
175,204,6.835300445556641,0.45237986612166775,0.4310644893119424,0.43475034000315427,0.43106451354872427,0.43099638830614156,0.4388669410506202,57344,-6.810100580084688e-05
176,205,6.908969402313232,0.4525482952443447,0.43587222769448364,0.43959942086383264,0.4358722428575934,0.4358135756438282,0.44375588902875485,57344,-5.8652050655416677e-05
177,206,6.765613555908203,0.44583804831700286,0.4205153128892722,0.42408793582785614,0.4205153267356474,0.42046097807074334,0.4283455171777451,57344,-5.433481852884503e-05
178,207,7.076218128204346,0.4617566434487943,0.45548882527938495,0.4593970654996511,0.45548880861235447,0.4554349498667903,0.4633970689988043,57344,-5.3875412594661665e-05
179,208,7.317136287689209,0.46948671646777446,0.47886953051518394,0.482990063966316,0.47886953762162,0.47880054001001066,0.48689517043151553,57344,-6.899050517328309e-05
180,209,7.442572593688965,0.47050602868550545,0.4881349407547219,0.492336766015369,0.4881349551100784,0.48806074392012405,0.49627727739029026,57344,-7.419683459786164e-05
181,210,7.984140872955322,0.5036265903536846,0.5605088806180873,0.5653915090391621,0.5605088428238334,0.5604136710985772,0.5684460736276115,49152,-9.520951951014212e-05
182,211,8.019979476928711,0.5032518210723508,0.5626055753929149,0.56750581806602,0.5626055702501696,0.5625140952909576,0.5705882125641872,49152,-9.148010195725309e-05
183,212,7.998078346252441,0.49106017182831585,0.547471722143514,0.5522194903448493,0.5474717129669301,0.5475759031792813,0.5557417485654078,49152,0.00010418103576725901
184,213,8.579466819763184,0.5159561055144357,0.6170634850578355,0.622462136561424,0.6170634800400654,0.6169584671263684,0.6252369517151235,49152,-0.00010501793146711069
185,214,8.700921058654785,0.49991701351595724,0.6063267818382917,0.6116015900847311,0.6063267220256479,0.6062437568937155,0.6150811426441184,49152,-8.302494457623766e-05
186,215,8.493850708007812,0.5036691403110004,0.5963423439599507,0.6015371981907138,0.5963423850418289,0.5962515958057486,0.6047850681441075,49152,-9.074815420206939e-05
187,216,8.553583145141602,0.4903225664627407,0.5846167738512303,0.5896853303398725,0.5846167370805087,0.5847068114356309,0.5934805781951501,49152,9.003758440051524e-05
188,217,8.607341766357422,0.4529464302032901,0.5434955647854854,0.5481437456081248,0.5434955543590394,0.5434105821564694,0.5533086929768868,57344,-8.498262901601716e-05
189,218,8.898036003112793,0.4584515727514004,0.5686652273957371,0.5735386071876998,0.5686652376801462,0.5685958287799714,0.5786859058979509,57344,-6.939861576571449e-05
190,219,8.792510032653809,0.46160849330089915,0.5657834840217855,0.5706378226822051,0.5657834723642037,0.5657084637400748,0.5756132388276374,57344,-7.502028171069153e-05
191,220,8.471949577331543,0.48157922779888046,0.5687145470146096,0.5736297377045249,0.5687145841500109,0.5686286856796802,0.5777159663929119,57344,-8.586133492938242e-05
